timestamp,value
1709473993329,"[0.06145544216026119, 0.07384408418379779, 0.08445744421114317, 0.04508140045900594]"
1709473994354,"[0.06136075980272448, 0.07560876995947072, 0.0828368084379122, 0.045118365154547535]"
1709473995369,"[0.06166482738414932, 0.07327862688607763, 0.08487924215049512, 0.04417222520630746]"
1709473996420,"[0.06194389374481137, 0.07459290004394699, 0.0826263001123098, 0.044658577078957803]"
1709473997471,"[0.06123052883441498, 0.07417159040968728, 0.08202192489867637, 0.0438400800820339]"
1709473998488,"[0.06227974998779191, 0.07580775428487717, 0.08437228380291958, 0.0442722300893584]"
1709473999503,"[0.05989027784559737, 0.0751147516968594, 0.08450603056789824, 0.04397397333854041]"
1709474000527,"[0.06237125836222416, 0.07550495629669339, 0.08223799990233874, 0.04417080912153785]"
1709474001540,"[0.06083705259045822, 0.07464759021436533, 0.08055198007715209, 0.04360154304409258]"
1709474002552,"[0.06109014112017134, 0.07483221837003735, 0.08078705014893349, 0.043524488500413926]"
1709474003565,"[0.06259866204404413, 0.07548815860149384, 0.08062556765467017, 0.044679281214901986]"
1709474004579,"[0.06234069046340073, 0.07560125006103757, 0.08039816397284996, 0.044245519800769774]"
1709474005593,"[0.06162976707847048, 0.07528429122515723, 0.08099931637286957, 0.04468836368963167]"
1709474006607,"[0.061884955320083805, 0.07599184530494661, 0.08330416524244287, 0.04454856194149975]"
1709474007623,"[0.06124630108892012, 0.07403252111919466, 0.08016592607060845, 0.043482103618339686]"
1709474008638,"[0.06147629278773367, 0.07533194980223569, 0.08176219541969808, 0.044156159968747145]"
1709474009651,"[0.06184325406513929, 0.07581947360710942, 0.08151184139850559, 0.04355427511108798]"
1709474010656,"[0.06221309634259428, 0.0759205527613651, 0.08089569803213054, 0.043924801015672824]"
1709474011667,"[0.06262576297670744, 0.07640636749841274, 0.08229376434396181, 0.043765808877385355]"
1709474012683,"[0.06251403877142421, 0.07490766150690953, 0.08181249084427897, 0.04342741344792116]"
1709474013697,"[0.06260691440011662, 0.07650100102544034, 0.08113311196835775, 0.04504121294984937]"
1709474014713,"[0.06244855705845013, 0.07664822501098695, 0.08357327017920721, 0.044517115093509356]"
1709474015727,"[0.061328873480149676, 0.075141950290541, 0.08256545729771915, 0.04414287807021669]"
1709474016742,"[0.06145202402461037, 0.07666233702817458, 0.08087235704868433, 0.04386727867571524]"
1709474017756,"[0.06127867571658738, 0.07556155085697537, 0.08216592607060814, 0.044179793935249616]"
1709474018778,"[0.06190634308315825, 0.0751534742907366, 0.08251682211045452, 0.043844572488889844]"
1709474019788,"[0.06188978954050451, 0.07588436935397207, 0.08026402656379703, 0.04373260413105965]"
1709474020792,"[0.0617283558767513, 0.0756454905024654, 0.08135905073489866, 0.043278187411493176]"
1709474021798,"[0.0632109478001852, 0.07551774989013156, 0.08134772205674126, 0.045092338493089114]"
1709474022805,"[0.06069144001171898, 0.07611431222227626, 0.08006855803506024, 0.04403042140729397]"
1709474023829,"[0.06227061868255216, 0.07644362517701023, 0.08200849650861862, 0.04452233995800438]"
1709474024838,"[0.061526783534351634, 0.07732325797158054, 0.08342111431222181, 0.04420699252893071]"
1709474025851,"[0.061508618584891164, 0.07580379901362372, 0.07935548610772002, 0.044174520240244805]"
1709474026866,"[0.06063054836661861, 0.07618570242687585, 0.08223721861418978, 0.04436876800624884]"
1709474027883,"[0.06268416426583262, 0.07653127594120746, 0.08133273109038486, 0.04479032179305494]"
1709474028896,"[0.061219151325748344, 0.07574818106352878, 0.08236495922652431, 0.04437555544704195]"
1709474029908,"[0.061413106108696276, 0.07675887494506509, 0.0816819180624055, 0.04503310708530582]"
1709474030921,"[0.06158030177254735, 0.07701704184774666, 0.08199179647443687, 0.04467517945212035]"
1709474031934,"[0.06191654865960157, 0.0758276283021633, 0.08108384198447166, 0.04419200156257491]"
1709474032948,"[0.061149470188973806, 0.0754872796523265, 0.07966375311294459, 0.04365691684164126]"
1709474033961,"[0.06146056936373751, 0.07510537623907375, 0.07857366082328275, 0.04420738317300515]"
1709474034973,"[0.06138336832853121, 0.076713853215489, 0.08184300991259325, 0.04396928560964763]"
1709474035976,"[0.06011616778162955, 0.0753441085990527, 0.08125401630938972, 0.044294252649053505]"
1709474036988,"[0.0622623174959713, 0.07608550222178816, 0.0821859465794228, 0.044432198837832455]"
1709474037990,"[0.06079369109819761, 0.07491440011719247, 0.08278465745397695, 0.04428482836075838]"
1709474038993,"[0.06178412031837419, 0.07634239953122623, 0.08128546315738037, 0.04467703501147401]"
1709474040006,"[0.06062463987499302, 0.07473821963963038, 0.07950686068655695, 0.04378451096244785]"
1709474041023,"[0.06151267151716375, 0.07669407685922117, 0.08101352605107648, 0.04453952829727873]"
1709474042031,"[0.06163587089213306, 0.07628448654719432, 0.08007456418770412, 0.04470091313052275]"
1709474043048,"[0.06239308559988218, 0.07596874847404622, 0.08021128961375071, 0.04393212559206856]"
1709474044061,"[0.060577225450461014, 0.07613955759558536, 0.07999472630499531, 0.04537951071829541]"
1709474045075,"[0.060348893988964106, 0.07478958933541624, 0.08132643195468488, 0.043911860930708035]"
1709474046085,"[0.06146183895697985, 0.07621260803750189, 0.08161721763757965, 0.044706430978073676]"
1709474047097,"[0.060919673812197754, 0.07606221006885064, 0.0802263294106155, 0.04386967137067067]"
1709474048111,"[0.06096616045705319, 0.07527335319107321, 0.07948225010986798, 0.04312896137506577]"
1709474049124,"[0.06019703110503412, 0.07481258850529769, 0.07934703842961073, 0.042922261829189276]"
1709474050126,"[0.06161287172225174, 0.07699130816934405, 0.0814636456858245, 0.04310464378143318]"
1709474051137,"[0.06208740661165089, 0.0758313882513797, 0.08092773084623268, 0.04437570193856995]"
1709474052151,"[0.060778895453879364, 0.07588881293031847, 0.08136720542995217, 0.0433542165144766]"
1709474053153,"[0.0622642218858339, 0.07571717369012143, 0.0812778455979295, 0.04516021290101905]"
1709474054166,"[0.06065432882464921, 0.07634874749743632, 0.07916695151130407, 0.044337418819276934]"
1709474055182,"[0.0608365642853648, 0.07514693100249047, 0.08072527955466532, 0.04398915962693349]"
1709474056184,"[0.06067879290980954, 0.07604331266175073, 0.07927486693686259, 0.044345915327895606]"
1709474057189,"[0.060815078861272055, 0.07615845500268513, 0.08137042824356594, 0.043719761707113086]"
1709474058205,"[0.06051096244933807, 0.07613301430733889, 0.08050012207627359, 0.04365970018067161]"
1709474059219,"[0.0605156990087402, 0.07633063137848517, 0.08049387177108236, 0.04317676644367257]"
1709474060226,"[0.06074896235167698, 0.07604946530592296, 0.08059182577274289, 0.04435997851457481]"
1709474061229,"[0.059402656379705446, 0.07486503247228825, 0.07983216953952844, 0.04402304800038929]"
1709474062232,"[0.060527027686898806, 0.07673377606328435, 0.08193280921919971, 0.04424219932613787]"
1709474063239,"[0.06077078958933501, 0.0757229356902186, 0.0806311831632402, 0.045051223204256766]"
1709474064242,"[0.061741833097318406, 0.07780155281019537, 0.08116314273157844, 0.04440246105766767]"
1709474065244,"[0.06189354948972087, 0.0769735338639574, 0.08186283509936963, 0.04470989794423431]"
1709474066252,"[0.0612433712583619, 0.07546354802480522, 0.07919278285072427, 0.04467718150300153]"
1709474067260,"[0.060408955515405295, 0.0767302114361051, 0.08058205967088253, 0.04415362078226302]"
1709474068274,"[0.061595341569411904, 0.07602373162752035, 0.08013433273108994, 0.04375008545338968]"
1709474069289,"[0.06002387811904852, 0.07503813662776469, 0.07704360564480674, 0.04395243908393832]"
1709474070295,"[0.06083685726842096, 0.07633165681918025, 0.08231607988671295, 0.04457610234874618]"
1709474071310,"[0.06048137116070116, 0.07487987694711584, 0.08100400410176273, 0.04337003759949053]"
1709474072313,"[0.05913394208701527, 0.07498149323697396, 0.0795300063479662, 0.0444410371600163]"
1709474073326,"[0.060678206943698076, 0.07566306948581468, 0.0799371063040185, 0.04406064749255203]"
1709474074331,"[0.060732848283607165, 0.07454006543288202, 0.07784852776014438, 0.04454309292445807]"
1709474075342,"[0.06110459495092494, 0.07638942331168495, 0.07802304800039048, 0.04366516919771319]"
1709474076348,"[0.06074764392792568, 0.07522764783436652, 0.0787712290639192, 0.04457981346745285]"
1709474077362,"[0.06091508374432311, 0.07495073001611359, 0.07895307388056026, 0.04350720250012064]"
1709474078378,"[0.0588802187606811, 0.07451008350017041, 0.0785152595341567, 0.04434293666682817]"
1709474079386,"[0.060841398505785946, 0.07619126910493654, 0.08101245177987182, 0.044847697641484906]"
1709474080393,"[0.06119073196933391, 0.07577186386053981, 0.08181571365789307, 0.04384042189559874]"
1709474081403,"[0.06205762000097632, 0.07565369402802803, 0.07986786464182839, 0.04357302602665992]"
1709474082413,"[0.06005605742467886, 0.07526632159773386, 0.0810239269495577, 0.044224522681770476]"
1709474083427,"[0.060578739196249114, 0.07536940280287142, 0.08169432101176803, 0.04352429317837648]"
1709474084443,"[0.05935529078568237, 0.07500517603398567, 0.0789331022022554, 0.04410366717124713]"
1709474085454,"[0.061484105669221585, 0.07577635626739569, 0.08110391132379512, 0.04393232091410569]"
1709474086458,"[0.06068133209629324, 0.07605029542458094, 0.07910474144245304, 0.04401606523755873]"
1709474087474,"[0.06147541383856547, 0.07594565164314604, 0.07998090727086188, 0.044492797499876294]"
1709474088480,"[0.060370281752037826, 0.07639586893891263, 0.07926002246203386, 0.044407246447579145]"
1709474089492,"[0.061071390204599146, 0.07549738756775183, 0.07822232530885241, 0.04487850969285481]"
1709474090505,"[0.05984315640412123, 0.07583763855656987, 0.07918467698618076, 0.044272816055469906]"
1709474091520,"[0.06109478001855552, 0.07534572000585875, 0.07944723863469874, 0.043947165388933604]"
1709474092526,"[0.060354411836515236, 0.07573397138532119, 0.07926934908931098, 0.04443473802431628]"
1709474093537,"[0.060180819375945625, 0.07585790321793048, 0.07996962742321381, 0.04399873040675675]"
1709474094555,"[0.060264905512963755, 0.07666038380780288, 0.07849206504223821, 0.044152253528003005]"
1709474095567,"[0.06067640021485369, 0.07592524049025784, 0.07854489965330273, 0.04421187557986077]"
1709474096583,"[0.06119356413887348, 0.07642443478685447, 0.079676253723326, 0.0446150690951693]"
1709474097598,"[0.06040636749841267, 0.07535934371795482, 0.07891977147321572, 0.04387265003173809]"
1709474098613,"[0.05983588065823496, 0.07574739977537917, 0.08042340934615949, 0.04363279457004579]"
1709474099624,"[0.05987435909956474, 0.0752934225303967, 0.07884989501440509, 0.04390624542213849]"
1709474100627,"[0.061043752136334624, 0.07541252014258426, 0.0798130768103908, 0.044983446457345276]"
1709474101632,"[0.06009761218809474, 0.07588119537086724, 0.07928375408955578, 0.04405317642462862]"
1709474102634,"[0.0601366277650274, 0.07423126129205364, 0.07921802822403426, 0.04362551882415955]"
1709474103648,"[0.06129381317447085, 0.07660627960349607, 0.08179481419991186, 0.04500556667805913]"
1709474104667,"[0.05982909321744206, 0.0754155964646707, 0.07946764978758683, 0.0439756824063661]"
1709474105670,"[0.060349235802528746, 0.07615669710435026, 0.0781843351726152, 0.04350061038136483]"
1709474106682,"[0.05949455539821238, 0.0747451535719511, 0.07967058938424719, 0.04406787440792853]"
1709474107688,"[0.06227354851311058, 0.07567566775721458, 0.08063938668880309, 0.044512427364615866]"
1709474108696,"[0.060695004638898126, 0.0755180428731869, 0.08098881781336982, 0.0438497973533851]"
1709474109708,"[0.061149470188974, 0.07702641730553232, 0.07985126226866551, 0.044780702182722246]"
1709474110722,"[0.060680306655597975, 0.07537296743004984, 0.08042785292250598, 0.044108989696761185]"
1709474111728,"[0.06059138629815882, 0.07610049318814387, 0.07806118462815541, 0.04423795107182817]"
1709474112735,"[0.06125167244494353, 0.07606753259436429, 0.08086913423506951, 0.043199277308460786]"
1709474113749,"[0.061404804922114836, 0.0751655842570438, 0.08101772547487628, 0.04421534254602133]"
1709474114758,"[0.0622052346305968, 0.07613985057864074, 0.07911997656135467, 0.04429034620830978]"
1709474115770,"[0.060338200107426694, 0.07435656037892473, 0.0794949460422867, 0.04341720787147686]"
1709474116776,"[0.06059329068802191, 0.07682880023438628, 0.0792975242931785, 0.04369915523218794]"
1709474117787,"[0.060206064749254794, 0.07510762244250146, 0.07820494164754102, 0.04305561795009388]"
1709474118790,"[0.05997924703354633, 0.07509644025587121, 0.0792119244103712, 0.04393407881244077]"
1709474119804,"[0.06020879925777531, 0.07533053371746644, 0.07936696127740511, 0.04430660676790732]"
1709474120817,"[0.05925743444504048, 0.07493930367693684, 0.07802900532252541, 0.043765760046875914]"
1709474121820,"[0.06010679232384361, 0.0761532789686995, 0.08112373651057163, 0.043833048488694154]"
1709474122832,"[0.059880951218321106, 0.07545656526197572, 0.08152033790712426, 0.04397299672835442]"
1709474123834,"[0.060054592509399984, 0.0750059573221347, 0.07903198398359286, 0.043597294789783234]"
1709474124838,"[0.06054812246691677, 0.07563240392597295, 0.08204297084818532, 0.04350734899164848]"
1709474125843,"[0.06100883832218326, 0.0762169051223204, 0.08019874017285974, 0.04410776893402856]"
1709474126848,"[0.06148542409297283, 0.07523946481761774, 0.08092621710044429, 0.04359822256946006]"
1709474127863,"[0.061330924361540695, 0.07666331363836076, 0.08045803017725496, 0.04443507983788099]"
1709474128875,"[0.0601477611211479, 0.076113482103618, 0.07976722496215587, 0.04399121050832451]"
1709474129887,"[0.061197958884710496, 0.07671976170711482, 0.0800654817129741, 0.044655012451778504]"
1709474130889,"[0.05939259729478896, 0.07556511548415433, 0.07714697983299952, 0.04284012891254295]"
1709474131895,"[0.06043332193954711, 0.07583890814981205, 0.07772835587675178, 0.043916988134184785]"
1709474132909,"[0.06097573123687632, 0.07578075101323319, 0.07987616582840912, 0.044015381610428624]"
1709474133935,"[0.060270521021533574, 0.07571053274085637, 0.08010269056106215, 0.04415274183309594]"
1709474134939,"[0.06063450363787254, 0.07650832560183604, 0.08095429464329269, 0.043819424776599086]"
1709474135948,"[0.05984105669222102, 0.07508105864544126, 0.080532106059866, 0.04394672591434975]"
1709474136962,"[0.05975350358904179, 0.07662698373944049, 0.08240373065091075, 0.043659211875578405]"
1709474137973,"[0.06006631183163184, 0.07580458030177194, 0.07954631573807354, 0.04369490697787836]"
1709474138976,"[0.05967386102837012, 0.07593227208359739, 0.07858313394208714, 0.04497670784706141]"
1709474140012,"[0.059919673812197885, 0.07487865618438407, 0.07799311489818768, 0.043641681722738884]"
1709474141022,"[0.060456125787391436, 0.07606860686556913, 0.0796775233165677, 0.04346891938082804]"
1709474142027,"[0.059075638458908, 0.07513662776502672, 0.0780895063235504, 0.04389149860832908]"
1709474143042,"[0.061991210508324825, 0.07543327310903879, 0.08012178329019903, 0.04445588163484405]"
1709474144058,"[0.060446017871965636, 0.07625025636017364, 0.07950993700864302, 0.04384374237023185]"
1709474145073,"[0.06024796132623611, 0.07575150153816064, 0.0807762097758678, 0.04486576492992676]"
1709474146087,"[0.06038634698959867, 0.07533341471751555, 0.07877816299623865, 0.043779627911517675]"
1709474147101,"[0.061081156306459924, 0.07512271106987631, 0.07751154841544965, 0.04341789149860698]"
1709474148116,"[0.061375701938570906, 0.07686288392987865, 0.08169436984227725, 0.0444745348893976]"
1709474149128,"[0.0620118169832504, 0.07615376727379287, 0.07753435226329404, 0.04397719615215444]"
1709474150130,"[0.060469847160505935, 0.07479002881000019, 0.07949846183895651, 0.043395673616874554]"
1709474151144,"[0.060986620440450855, 0.07550686068655667, 0.07921841886810838, 0.04379554665755023]"
1709474152159,"[0.06028204502172959, 0.07526822598759683, 0.07781913179354485, 0.04439455051516081]"
1709474153162,"[0.06189384247277711, 0.07669554177449987, 0.07940553737975471, 0.04418999951169332]"
1709474154170,"[0.06044797109233776, 0.07519341764734594, 0.07711533766297167, 0.044301919039014113]"
1709474155187,"[0.06085819620098607, 0.07632775037843649, 0.08089633282875118, 0.043892719371061706]"
1709474156198,"[0.0600083988475997, 0.07529884271692958, 0.07659338834903974, 0.04344914302456025]"
1709474157201,"[0.06126466136041765, 0.07548601005908466, 0.07889071732018084, 0.0429733385419192]"
1709474158218,"[0.06060857463743274, 0.07592358025294157, 0.079821182674935, 0.043907515015380205]"
1709474159222,"[0.0610793495776159, 0.07608232823868345, 0.07982875140387717, 0.043899067337270906]"
1709474160238,"[0.06134425509058086, 0.07599028272864854, 0.07890658723570504, 0.044307583378093304]"
1709474161252,"[0.06113921578201976, 0.07668011133356047, 0.07909780751013164, 0.044933688168366286]"
1709474162260,"[0.06045514917720538, 0.07480189462376038, 0.07760115240001896, 0.04313277015479134]"
1709474163262,"[0.061760144538307124, 0.0755102788222079, 0.07877552614873778, 0.04368396894379442]"
1709474164278,"[0.060030763220860234, 0.07533780946335222, 0.07708979930660602, 0.04355144294154842]"
1709474165291,"[0.05960222667122364, 0.0755066165340096, 0.07768103911323788, 0.0430521021534241]"
1709474166302,"[0.060471800380877294, 0.07514834708725975, 0.07687216172664638, 0.04409277796767284]"
1709474167304,"[0.05972952780897486, 0.0758455490990768, 0.07828961375067046, 0.04394994872796407]"
1709474168316,"[0.06158918892523999, 0.07597128766052996, 0.07809521949313832, 0.04397968650812892]"
1709474169320,"[0.05963772645148665, 0.0753434738024316, 0.07792377557497927, 0.043990331559156895]"
1709474170336,"[0.059425069583475015, 0.07495746862639648, 0.07772601201230472, 0.044445480736362564]"
1709474171349,"[0.06048405683871267, 0.07505542262805767, 0.07599140583036265, 0.04383705259045722]"
1709474172353,"[0.060222569461398846, 0.07526041310610854, 0.0771627520875042, 0.043578543874211235]"
1709474173368,"[0.06019185507104824, 0.07554074906001292, 0.07970965379168889, 0.043947946677082454]"
1709474174384,"[0.05948332438107282, 0.07459397431515134, 0.07718648371502528, 0.04313052395136307]"
1709474175398,"[0.06154226280580077, 0.07548503344889855, 0.07912788710386211, 0.044156159968747]"
1709474176412,"[0.0600713413740902, 0.07565188729918387, 0.0798252356072066, 0.043453879583962594]"
1709474177414,"[0.061402949362761854, 0.07582035255627725, 0.07857493041652422, 0.044122125103763433]"
1709474178417,"[0.060335465598905756, 0.0758483324381065, 0.08101513745788327, 0.044054690170416994]"
1709474179424,"[0.061820401386785954, 0.07587499389618582, 0.07894721421944403, 0.04566057912983914]"
1709474180433,"[0.05926383124175891, 0.07492626593095353, 0.07682733531910704, 0.04354929439913911]"
1709474181445,"[0.060582840959030625, 0.07573240880902352, 0.07770071780848646, 0.04430201670003279]"
1709474182460,"[0.05959495092533765, 0.07507856828946731, 0.07706059866204377, 0.042941501049854426]"
1709474183462,"[0.0615601836027146, 0.07494721421944377, 0.07919268518970649, 0.044726597978415564]"
1709474184477,"[0.06116460764685741, 0.07526768885199352, 0.07671297426632134, 0.04437692270130243]"
1709474185480,"[0.06097084818594666, 0.07533380536158953, 0.07653449875482139, 0.04420626007129109]"
1709474186493,"[0.06146218077054477, 0.07542194443088016, 0.08022398554616925, 0.044666731774010995]"
1709474187510,"[0.06008911567947612, 0.07585878216709711, 0.07877992089457465, 0.04440793007470942]"
1709474188525,"[0.05994228233800412, 0.07579505835245859, 0.0809704087113625, 0.043320279310511974]"
1709474189538,"[0.059244592021094326, 0.0739043410322765, 0.07851184139850569, 0.04287225938766413]"
1709474190554,"[0.06038400312515201, 0.07593886420235334, 0.07867410518091682, 0.044085160408221725]"
1709474191561,"[0.06047419307583326, 0.07488895942184629, 0.0777411006396796, 0.04424737536012368]"
1709474192562,"[0.06216949069778774, 0.07611196835782931, 0.07955881634845359, 0.04398564383026352]"
1709474193575,"[0.06053152009375401, 0.07489555154060205, 0.07781190487816728, 0.04408027735729164]"
1709474194579,"[0.06018555593534807, 0.07594457737194163, 0.07937365105717994, 0.043319839835927854]"
1709474195608,"[0.06093783876165799, 0.07568948679134727, 0.07927862688607802, 0.04448859807607653]"
1709474196619,"[0.05973260413106074, 0.07436398261633852, 0.0780520044924068, 0.04423741393622605]"
1709474197634,"[0.05966687826553973, 0.07520718785096893, 0.07732477171736887, 0.04350988817813225]"
1709474198651,"[0.05973997753796535, 0.07457053567068683, 0.07785238537037896, 0.04391879486302905]"
1709474199667,"[0.06089130328629302, 0.07587172225206283, 0.07716924654524134, 0.044325650666534974]"
1709474200673,"[0.060448312905902954, 0.0760859905268806, 0.07755891400947303, 0.04485468040431529]"
1709474201683,"[0.06067039406220952, 0.07389311001513708, 0.07586869476048629, 0.04314107134137213]"
1709474202688,"[0.05993666682943473, 0.07388637140485314, 0.07722393671565983, 0.043312954734116435]"
1709474203698,"[0.06166609697739078, 0.07586893891303241, 0.07893642267688852, 0.04481293031886194]"
1709474204710,"[0.060856389472141406, 0.07540802773572923, 0.07964368377362124, 0.044140143561696085]"
1709474205725,"[0.060806533522144164, 0.07471536696127777, 0.07854602275501753, 0.04294423555837519]"
1709474206740,"[0.06198134674544577, 0.07591732994775056, 0.08054997802627101, 0.044798964793201425]"
1709474207742,"[0.061027931051320476, 0.07502705210215357, 0.07840026368474998, 0.04476532057229202]"
1709474208745,"[0.060547341178768234, 0.07524771717368942, 0.07723174959714839, 0.04476307436886455]"
1709474209758,"[0.06128521900483403, 0.07549699692367746, 0.07961497143415196, 0.04407319693344262]"
1709474210765,"[0.06117046730797374, 0.07468748474046513, 0.07720601591874576, 0.04407651740807549]"
1709474211771,"[0.06174017286000256, 0.07579437472532777, 0.0784350798378817, 0.04443034327847917]"
1709474212784,"[0.06118252844377126, 0.07475408955515338, 0.07665667268909619, 0.04377879779285975]"
1709474213787,"[0.06083382977684378, 0.07484340055666695, 0.07778700131842332, 0.04409004345915189]"
1709474214789,"[0.0598276771326722, 0.07488895942184651, 0.07778329019971668, 0.043488158601492875]"
1709474215791,"[0.061063284340055306, 0.0746377264514866, 0.0779640607451534, 0.04344767810928115]"
1709474216798,"[0.0610013184237503, 0.07412778944284357, 0.07817281117242011, 0.0436820645539319]"
1709474217805,"[0.060415987108744976, 0.07430914595439252, 0.07807139020459954, 0.04403994335660778]"
1709474218819,"[0.059961521558669725, 0.07468025782508844, 0.07795102299916984, 0.04355774207724863]"
1709474219834,"[0.060195859172810826, 0.0749798329996575, 0.0776275208750426, 0.04455652131451597]"
1709474220836,"[0.06152536744958229, 0.07555281019580956, 0.07733111968357846, 0.04391317935445941]"
1709474221848,"[0.061171541579178194, 0.07546174129596196, 0.07898994091508302, 0.04450324722886725]"
1709474222849,"[0.06085853801455082, 0.07505034425509008, 0.07607031593339542, 0.044690902876116066]"
1709474223867,"[0.06123966013965461, 0.07474940182626078, 0.07907500366228795, 0.04527682015723286]"
1709474224881,"[0.06000918013574846, 0.07506470042482505, 0.07519776356267382, 0.043814737047706366]"
1709474225886,"[0.06150090336442142, 0.075196005664338, 0.078566531568924, 0.04540646515943038]"
1709474226896,"[0.060511792567995874, 0.07535734166707282, 0.07639420870159666, 0.04338419844718855]"
1709474227901,"[0.061437619024365994, 0.07477943258948143, 0.07651203672054274, 0.0440477562380961]"
1709474228918,"[0.061868352946921036, 0.07502275501733452, 0.07923765808877431, 0.04385482689584334]"
1709474229930,"[0.06162332145124253, 0.0755955368914491, 0.0774445529566873, 0.04405327408564758]"
1709474230943,"[0.06088744567605781, 0.0751324283412276, 0.07792323843937643, 0.044743932809217866]"
1709474231946,"[0.06074656965672083, 0.07466844084183735, 0.0775139411104054, 0.04393354167683841]"
1709474232948,"[0.06134835685336152, 0.07480008789491649, 0.07716275208750369, 0.04366575516382495]"
1709474233952,"[0.06020230480003863, 0.07375438253820958, 0.07785902631964377, 0.04396655110112626]"
1709474234956,"[0.060879046828457406, 0.07506074515357161, 0.08003530445822528, 0.04515200937545642]"
1709474235964,"[0.059487621465891496, 0.0740199716783048, 0.07606084281459011, 0.04387279652326649]"
1709474236976,"[0.06062649543434699, 0.07596152155866957, 0.07700385761023441, 0.04399799794911709]"
1709474237989,"[0.061269251428291815, 0.07537438351482009, 0.07968533619805623, 0.04442160261731413]"
1709474238995,"[0.059714683334146514, 0.07554831778895486, 0.08025958298745016, 0.04459539039992064]"
1709474240008,"[0.060784413301430563, 0.0752814102251084, 0.0769803701352603, 0.0447908589286578]"
1709474241010,"[0.06006308901801825, 0.07486420235363048, 0.08095009521949285, 0.04478455979295727]"
1709474242011,"[0.06012935201914105, 0.0760384296108206, 0.0778844670149908, 0.04447263049953519]"
1709474243025,"[0.05982992333610008, 0.07448488695737103, 0.0764506567703496, 0.04397221544020585]"
1709474244029,"[0.05994384491430178, 0.07569461399482413, 0.07683929879388633, 0.04433072903950257]"
1709474245033,"[0.061770496606279084, 0.07520474632550392, 0.07829034620831053, 0.04390907759167779]"
1709474246050,"[0.06061829190878409, 0.07475731236876786, 0.07776532057229299, 0.04384144733629424]"
1709474247052,"[0.06033282875140294, 0.07493090482933734, 0.07838541920992144, 0.044327506225888574]"
1709474248055,"[0.06055393329752407, 0.0755727818741146, 0.07812974266321535, 0.044465061770593166]"
1709474249065,"[0.06046589188925195, 0.07552512329703576, 0.07722808730895063, 0.0440058108306054]"
1709474250067,"[0.06080243175936288, 0.0754108599052685, 0.07755310317886617, 0.04478748962351541]"
1709474251070,"[0.05950158699155209, 0.07415132574832725, 0.07655700961961028, 0.04358855412861847]"
1709474252081,"[0.06172947897846555, 0.07619288051174374, 0.07889750476097471, 0.043793007471066576]"
1709474253083,"[0.06114287807021822, 0.07547477904194524, 0.0777448117583872, 0.04441496166804907]"
1709474254086,"[0.061066067679085796, 0.0754099321255917, 0.07711948825626207, 0.04393979198202947]"
1709474255093,"[0.061126129205526986, 0.07449963377117949, 0.07776092582645643, 0.04427281605546999]"
1709474256108,"[0.05973572928365598, 0.07398408125396742, 0.07868899848625348, 0.04321978612236769]"
1709474257121,"[0.05989345182870183, 0.0751318912056253, 0.077934029981933, 0.04352414668684813]"
1709474258132,"[0.061932858049708994, 0.074400166023731, 0.07837067239611244, 0.044058987255235646]"
1709474259148,"[0.06150510278822212, 0.07512539674788793, 0.0765549587382191, 0.043803701352603516]"
1709474260163,"[0.06124830313980119, 0.07546452463499177, 0.07843688656672651, 0.04472029884271543]"
1709474261166,"[0.061626104790272446, 0.07490907759167842, 0.07957790907759134, 0.043944772693977965]"
1709474262182,"[0.059835538844669856, 0.07504653547536484, 0.07857038917915929, 0.04393090482933613]"
1709474263193,"[0.06017232286732718, 0.07479432589481876, 0.07725430929244542, 0.044604082230576436]"
1709474264201,"[0.06105849895014326, 0.07486893891303299, 0.07751237853410847, 0.04320010742711892]"
1709474265213,"[0.06151745690707538, 0.07474847404658416, 0.07631251525953438, 0.04490097172713359]"
1709474266219,"[0.060232775037843134, 0.07495370867718133, 0.07716035939254817, 0.043798134674543285]"
1709474267229,"[0.061497094584696356, 0.0746253723326333, 0.07898745055910945, 0.04415694125689593]"
1709474268241,"[0.06152824844963106, 0.07492279896479286, 0.07754958738219626, 0.04462517701059474]"
1709474269256,"[0.06209185018799684, 0.07499672835587612, 0.07779623028468168, 0.044119048781677515]"
1709474270262,"[0.060523072415644606, 0.07462937643439599, 0.07594208701596751, 0.04377728404707081]"
1709474271269,"[0.061782167098002425, 0.07448786561843788, 0.07652873675472471, 0.044126715171637736]"
1709474272283,"[0.060193905952438516, 0.07424034376678439, 0.07496977391474177, 0.04391679281214739]"
1709474273289,"[0.06121802822403413, 0.07487660530299299, 0.0767705942672977, 0.043947556033008]"
1709474274303,"[0.06075311294496784, 0.07394491918550689, 0.07776195126715112, 0.04390722203232443]"
1709474275309,"[0.06048308022852648, 0.07282421016651139, 0.07733126617510579, 0.0434305386005164]"
1709474276319,"[0.061141901460031615, 0.07424219932613843, 0.07856672689096139, 0.043563699399383364]"
1709474277342,"[0.06159543923043116, 0.07506167293324857, 0.07709658674740016, 0.04441911226133945]"
1709474278350,"[0.05991972264270654, 0.07406972996728281, 0.07582445431905808, 0.04387265003173858]"
1709474279360,"[0.06099589823721819, 0.07573328775819065, 0.0776329410615752, 0.043547878314369556]"
1709474280363,"[0.05991415596464591, 0.07396367010107847, 0.0765783973826842, 0.04357390497582731]"
1709474281365,"[0.06079999023389773, 0.07574569070755383, 0.07817119976561357, 0.044194833732114226]"
1709474282371,"[0.06012417598515514, 0.07433380536158929, 0.07587675179452132, 0.04382367303090829]"
1709474283383,"[0.06085687777723483, 0.0757860247082371, 0.07655368914497733, 0.044388593193025794]"
1709474284399,"[0.06017642463010866, 0.07368255285902531, 0.07877171736901199, 0.044275404072463435]"
1709474285415,"[0.061315103276526665, 0.0751551833585625, 0.08028512134381544, 0.04510107915425444]"
1709474286429,"[0.06054670638214751, 0.07458508716245849, 0.08114693100249047, 0.045276038869084066]"
1709474287440,"[0.06140490258313344, 0.07510781776453886, 0.07777147321646585, 0.04475994921626895]"
1709474288444,"[0.06031285707309821, 0.07414898188388097, 0.07788832462522627, 0.04462537233263236]"
1709474289458,"[0.06176009570779778, 0.07426041310610844, 0.07789921382879991, 0.04464798085843886]"
1709474290463,"[0.0609932613897158, 0.07558513599296789, 0.08157961814541717, 0.04396811367742443]"
1709474291476,"[0.06078329019971649, 0.07511455637482287, 0.07885712192978162, 0.04505083256018221]"
1709474292489,"[0.06141603593925438, 0.07461106499340778, 0.07801201230528787, 0.04386483715025022]"
1709474293505,"[0.062450168465256646, 0.07529527808975021, 0.07812656868011122, 0.04441076224424895]"
1709474294508,"[0.05945954392304258, 0.07492167586307898, 0.0788743590995651, 0.043690170418475935]"
1709474295523,"[0.06073528980907253, 0.07411641193417653, 0.07691659749011155, 0.04458401289125316]"
1709474296533,"[0.05992299428683023, 0.07451003466966148, 0.07786117486205378, 0.04350520044923905]"
1709474297544,"[0.06183763855656997, 0.07426534498754783, 0.0773124664290248, 0.044158601494212156]"
1709474298556,"[0.06068782655403061, 0.07405630157722523, 0.07536163875189164, 0.044245666292298015]"
1709474299560,"[0.061265784462131476, 0.07434440158210825, 0.07591903901557659, 0.0441429269007265]"
1709474300567,"[0.0608179598613208, 0.0753383954294637, 0.07693085599882796, 0.04396323062649418]"
1709474301570,"[0.05999443332193989, 0.07371702719859304, 0.07646774744860567, 0.04402343864446384]"
1709474302572,"[0.06110410664583208, 0.07458186434884491, 0.07541164119341774, 0.04496576981297797]"
1709474303573,"[0.06157493041652344, 0.07598373944040193, 0.07900302749157674, 0.044229015088625964]"
1709474304586,"[0.06203056789882297, 0.07579779286097901, 0.07846740563504034, 0.044361736412909254]"
1709474305588,"[0.06157703012842401, 0.074336735192148, 0.07424439669905727, 0.043741930758336565]"
1709474306603,"[0.06044855705844983, 0.074342253039699, 0.07514566140924778, 0.044547194687239715]"
1709474307618,"[0.06138986278626825, 0.07482679818350517, 0.0771136285951467, 0.044199667952535125]"
1709474308635,"[0.060816836759606606, 0.07403242345817637, 0.07729405732701804, 0.04310537623907267]"
1709474309638,"[0.061808877386591, 0.07470384296108126, 0.07638913032862893, 0.04378392499633643]"
1709474310644,"[0.06015425557888571, 0.0738788515064205, 0.07736471507397809, 0.043659260706087805]"
1709474311650,"[0.06073934274134433, 0.0744392304311733, 0.07704751208555076, 0.04380003906440618]"
1709474312656,"[0.06031227110698747, 0.07433297524293131, 0.07573338541921022, 0.043262512818007304]"
1709474313671,"[0.061463694516333316, 0.07450715366961286, 0.07753747741588886, 0.0439370086429987]"
1709474314680,"[0.06158816348454425, 0.07337492065042181, 0.0775631622637824, 0.04407637091654729]"
1709474315684,"[0.060123150544460366, 0.07559841789149822, 0.07610737828995555, 0.04431139215781896]"
1709474316694,"[0.061394599345670806, 0.07412969383270653, 0.07672313101225664, 0.04413159822256814]"
1709474317710,"[0.06144567605840116, 0.07515093510425325, 0.07724161336002752, 0.043967967185896135]"
1709474318714,"[0.06029903803896619, 0.0744552956687332, 0.07738400312515223, 0.04386752282826148]"
1709474319723,"[0.061686556960788404, 0.07524791249572675, 0.0763228673275059, 0.04396567215195896]"
1709474320739,"[0.059883929879388204, 0.07389481908296275, 0.07854411836515361, 0.044592460569362335]"
1709474321753,"[0.06139992187118506, 0.07527711314028988, 0.07783260901411135, 0.04399975584745171]"
1709474322768,"[0.06159714829825679, 0.0750058108306065, 0.07635792763318493, 0.04387626348942684]"
1709474323777,"[0.06106089164509919, 0.07420713902045932, 0.07661204160359378, 0.044145221934663643]"
1709474324788,"[0.06034874749743618, 0.07465828409590226, 0.07744762927877341, 0.04388368572684102]"
1709474325792,"[0.05919727525758079, 0.07445221934664743, 0.07575892377557512, 0.04450490746618337]"
1709474326798,"[0.059458664973875246, 0.07406631183163226, 0.07527472044533404, 0.04364441623126017]"
1709474327802,"[0.060335758581961656, 0.07416426583329241, 0.07707104839103421, 0.043111040578151745]"
1709474328804,"[0.06131441964939724, 0.07453567068704502, 0.07630924361541054, 0.043953659846670635]"
1709474329819,"[0.059259192343375254, 0.07471653889350037, 0.07641501049855885, 0.04420030274915642]"
1709474330838,"[0.06238400312515228, 0.07551794521216809, 0.07792040626983739, 0.04434947995507466]"
1709474331842,"[0.061405928023828826, 0.07477850480980446, 0.07777767469114648, 0.0447013526051063]"
1709474332844,"[0.0619362273548509, 0.07469310024903515, 0.07734860100590867, 0.04378578055569001]"
1709474333855,"[0.06097285023682763, 0.07502060647492523, 0.07651550368670341, 0.04483568533619659]"
1709474334858,"[0.060815957810439664, 0.07455764441623045, 0.0755071536696125, 0.043418623956246294]"
1709474335865,"[0.06048298256750728, 0.07414932369744569, 0.07646652668587287, 0.0438801210996619]"
1709474336882,"[0.060903755066165174, 0.07423970897016477, 0.0780356462717899, 0.043949509253380065]"
1709474337897,"[0.06031993749694785, 0.0722258899360319, 0.07657312368767959, 0.04435387470091151]"
1709474338911,"[0.061468284584207625, 0.07432506470042403, 0.07799003857610197, 0.0443770203623209]"
1709474339914,"[0.06038288002343871, 0.07439264612529865, 0.07822886859709946, 0.044045021729574946]"
1709474340933,"[0.06199282191513209, 0.07410645051027856, 0.07753098295815113, 0.04438244054885359]"
1709474341945,"[0.060784120318374324, 0.07299506811856042, 0.07616333805361536, 0.044416914888421]"
1709474342959,"[0.06076195126715137, 0.07372010352067919, 0.07565457297719634, 0.04315723423995164]"
1709474343972,"[0.05958762634894222, 0.07294799550759327, 0.07580243175936317, 0.04292900043947345]"
1709474344989,"[0.060476146296205534, 0.07341813565115457, 0.077524537330924, 0.04409272913716393]"
1709474345993,"[0.06076654133502527, 0.074543971873626, 0.07843459153278978, 0.0441347233751635]"
1709474347009,"[0.06055119878900283, 0.07470091313052372, 0.0761223204258016, 0.04412725230724036]"
1709474348021,"[0.0611518140534199, 0.07454397187362635, 0.07646613604179991, 0.044148298256749735]"
1709474349038,"[0.05999912105083264, 0.07450505395771244, 0.07451398994091467, 0.04401543044093809]"
1709474350042,"[0.061824649641095464, 0.07521055715611058, 0.07773314126666322, 0.043693002588015555]"
1709474351054,"[0.0615808389081492, 0.07474891352116764, 0.07702514771229062, 0.04415113042628881]"
1709474352069,"[0.06012114849357851, 0.07433776063284314, 0.07719820303725719, 0.043744811758385224]"
1709474353075,"[0.060929781727622714, 0.07476248840275343, 0.07607060891645041, 0.04374744860588742]"
1709474354086,"[0.06042311636310329, 0.07419385712192925, 0.07716978368084311, 0.04353713560232307]"
1709474355102,"[0.05945231700766582, 0.0731453684261916, 0.0747771863860536, 0.04335587675179307]"
1709474356110,"[0.06060222667122385, 0.07354382538209885, 0.0766136041798913, 0.04395995898237063]"
1709474357124,"[0.06134454807363588, 0.0741005908491618, 0.07726954441134778, 0.044405000244151116]"
1709474358127,"[0.06122042091898999, 0.07449177205918177, 0.07816748864690624, 0.04451311099174619]"
1709474359134,"[0.060433663753112404, 0.07491982030372567, 0.07755759558572181, 0.043832071878508266]"
1709474360139,"[0.060962254016308844, 0.07420674837638469, 0.07661614336637473, 0.044257776258604935]"
1709474361151,"[0.06100610381366277, 0.07480863323404395, 0.07914990966355792, 0.04415908979930537]"
1709474362165,"[0.060592118755798376, 0.07410376483226665, 0.07568045314712582, 0.043240587919330636]"
1709474363177,"[0.06161145563748171, 0.07401484447482759, 0.07642082132916607, 0.04376864104692477]"
1709474364184,"[0.05973978221592835, 0.07379168904731667, 0.07682240343766797, 0.043598906196590216]"
1709474365187,"[0.05927110698764568, 0.07453737975487028, 0.07442204209189851, 0.0443628106841142]"
1709474366189,"[0.05979989257287959, 0.07396142389765128, 0.07621656330875454, 0.04394023145661306]"
1709474367204,"[0.06127218125885023, 0.0735995898237215, 0.07682518677669757, 0.04404594950925189]"
1709474368213,"[0.06143688656672614, 0.07438493090482913, 0.076194931393134, 0.04355027100932485]"
1709474369228,"[0.06003164217002735, 0.0744715562283311, 0.07934391327701527, 0.043581522535278555]"
1709474370231,"[0.0613802920064451, 0.07468626397773272, 0.07630709507300093, 0.04530020997118875]"
1709474371246,"[0.06080501977635583, 0.07403989452609953, 0.0752948874456758, 0.04410991747643818]"
1709474372262,"[0.060475072025000805, 0.07332125592069892, 0.07552673470384284, 0.04383939645490399]"
1709474373264,"[0.05992963523609524, 0.0742341911226122, 0.07569412568973057, 0.04344250207529512]"
1709474374274,"[0.06177425655549482, 0.07341203183749173, 0.07717032081644581, 0.04347536500805573]"
1709474375280,"[0.061135016358219926, 0.07477469603007926, 0.08004682845842087, 0.04436212705698403]"
1709474376283,"[0.0611203672054294, 0.0730999560525418, 0.07721714927486655, 0.04395756628741533]"
1709474377285,"[0.060758630792518815, 0.07448737731334493, 0.07856887543337089, 0.04318477464719798]"
1709474378289,"[0.059352263294106075, 0.07282045021729541, 0.07804160359392527, 0.04332618780213753]"
1709474379292,"[0.0604542702280382, 0.07503940622100647, 0.07728565847941755, 0.04446100883832067]"
1709474380301,"[0.060123980663117985, 0.07376121880951222, 0.07758293862004939, 0.04332491820889539]"
1709474381307,"[0.05987289418428525, 0.07276058401289112, 0.07561399482396619, 0.04478446213193869]"
1709474382322,"[0.05921177791884308, 0.0747078958933536, 0.07658494067093133, 0.04351760339860211]"
1709474383331,"[0.06146745446554954, 0.07343327310903817, 0.07821861419014596, 0.04442902485472798]"
1709474384335,"[0.06161848723082146, 0.07464470921431682, 0.07599975584745328, 0.04427760144538163]"
1709474385338,"[0.06125391864837106, 0.07375072025001181, 0.07713574881586026, 0.04365105718052497]"
1709474386349,"[0.06140783241369201, 0.07550168465257014, 0.07806543288246465, 0.04426451486888878]"
1709474387365,"[0.06224415254651058, 0.07488475999804632, 0.07742292104106609, 0.04331007373406753]"
1709474388377,"[0.06187279652326741, 0.07507993554372733, 0.07688920357439298, 0.04377674691146881]"
1709474389381,"[0.06089452609990644, 0.07432574832755491, 0.07666233702817482, 0.04426378241124916]"
1709474390395,"[0.06062869280726585, 0.0748607842179791, 0.07718213779969653, 0.04410967332389164]"
1709474391400,"[0.06167019874017289, 0.07392255481224595, 0.07662063577323079, 0.04378255774207543]"
1709474392414,"[0.058805459250939704, 0.07312974266321583, 0.07420801796962703, 0.04335748815860001]"
1709474393416,"[0.060977244982664644, 0.07406045217051552, 0.07859514624737542, 0.04369944821524355]"
1709474394427,"[0.06090194833732058, 0.07416675618926673, 0.07702338981395596, 0.04389774891351989]"
1709474395432,"[0.0594300014649144, 0.07310605986620426, 0.07547829483861515, 0.043438107329458325]"
1709474396447,"[0.06044279505835193, 0.07449333463548015, 0.07761887787489628, 0.04321915132574688]"
1709474397461,"[0.05829293422530378, 0.0726448068753356, 0.07392846330387172, 0.04350373553396004]"
1709474398478,"[0.0608308511157771, 0.0734871331607981, 0.07521338932565028, 0.04423790224131878]"
1709474399492,"[0.06045905561794984, 0.07384340055666737, 0.07690981004931878, 0.04440822305776515]"
1709474400509,"[0.060355437277210634, 0.07466668294350337, 0.07570594267298193, 0.04342360466819544]"
1709474401524,"[0.060025538356364476, 0.07251540602568422, 0.075792226182919, 0.043639191366764155]"
1709474402539,"[0.06029894037794776, 0.07362879046828412, 0.0780364275599389, 0.04335265393817894]"
1709474403545,"[0.059979735338638915, 0.07331896088676175, 0.07672791640216829, 0.044674886469064576]"
1709474404549,"[0.06074046584305815, 0.0731291078665945, 0.07670032716441202, 0.0436972020118156]"
1709474405562,"[0.06074906001269524, 0.07522315542751094, 0.07651882416133532, 0.04431627520874918]"
1709474406576,"[0.060092924459201835, 0.07395336686361641, 0.07659885736608196, 0.043559939450166923]"
1709474407579,"[0.06008594169637151, 0.07214038771424329, 0.0753126617510617, 0.04418897407099809]"
1709474408588,"[0.06069407685922127, 0.07408706479808565, 0.07758142487426103, 0.043647639044873884]"
1709474409599,"[0.06073099272425376, 0.07399394501684596, 0.07720728551198752, 0.04392690072757318]"
1709474410614,"[0.060631036671712164, 0.07376444162312637, 0.07684940670931185, 0.043332340446309514]"
1709474411625,"[0.06134586649738724, 0.07381722740368157, 0.07601728600029233, 0.043955320083987184]"
1709474412636,"[0.06061565506128189, 0.07312842423946495, 0.07669480931686086, 0.04438219639630726]"
1709474413649,"[0.060358660090824516, 0.0731029835441184, 0.07549177205918216, 0.04301792079691219]"
1709474414654,"[0.06016411934176473, 0.07440407246447615, 0.07767801162166107, 0.044458079007762795]"
1709474415666,"[0.061543239415986745, 0.07454367889057026, 0.07686747399775341, 0.04386879242150313]"
1709474416670,"[0.060791933199862744, 0.07352277943258963, 0.07693442062600667, 0.04400190438986165]"
1709474417676,"[0.06059973631524934, 0.07446735680453115, 0.07829322720835967, 0.0436922212998668]"
1709474418684,"[0.06027403681820388, 0.07415948044338053, 0.07568367596073977, 0.0437708872503528]"
1709474419696,"[0.06124644758044773, 0.07474154011426323, 0.07780287123394665, 0.04433268225987431]"
1709474420710,"[0.060658088773864895, 0.07384545143805801, 0.07642565554958758, 0.04421089896967506]"
1709474421725,"[0.06050788612725197, 0.0735268811953707, 0.07737858293861954, 0.04325152595341426]"
1709474422740,"[0.05987933981151403, 0.07367449582499132, 0.07638468675228295, 0.04504775623809651]"
1709474423752,"[0.06068577567263906, 0.07463176912935146, 0.07723438644465032, 0.04417574100297745]"
1709474424758,"[0.061259241173885176, 0.07382469847160472, 0.07636974461643607, 0.043861711997654776]"
1709474425759,"[0.06123868352946887, 0.07384589091264203, 0.07625792275013414, 0.04389198691342212]"
1709474426775,"[0.06095912886371345, 0.07449846183895618, 0.07628932076761569, 0.04322921041066316]"
1709474427778,"[0.06030738805605735, 0.07322667122418085, 0.0751885834269251, 0.04328033595390258]"
1709474428794,"[0.06128863714048466, 0.07410649934078749, 0.07694584696518343, 0.043786122369255005]"
1709474429806,"[0.061655647248400725, 0.07475999804677966, 0.07606958347575547, 0.04354768299233208]"
1709474430818,"[0.06057410029786552, 0.07373392255481175, 0.07833497729381331, 0.04499028272864765]"
1709474431825,"[0.060179842765759516, 0.07293041652424322, 0.07664876214658879, 0.04353664729722981]"
1709474432835,"[0.06155520289076509, 0.07498823184725782, 0.07493290688021813, 0.04454690170418314]"
1709474433848,"[0.06178905219981433, 0.0737548708433023, 0.076192050393086, 0.04405156501782179]"
1709474434863,"[0.06081747155622745, 0.07414507544313682, 0.07823726744469973, 0.04364021680745984]"
1709474435870,"[0.06125118413985012, 0.07396127740612315, 0.07584344938717708, 0.043485961228574274]"
1709474436882,"[0.060541676839689175, 0.07348708433028933, 0.07608237706919249, 0.04393993847355679]"
1709474437885,"[0.0605253186190724, 0.07438283119292848, 0.07814234093461579, 0.044174422579226394]"
1709474438890,"[0.06092011328678128, 0.07333932320914094, 0.07763743346843117, 0.04291479076126601]"
1709474439906,"[0.06178880804726749, 0.0742046486644854, 0.07959539039992175, 0.0443179354460655]"
1709474440907,"[0.06165247326529593, 0.07433151032765209, 0.07582626104790226, 0.04374280970750393]"
1709474441915,"[0.061666878265539495, 0.07404306850920415, 0.07644860588895896, 0.044802773572926884]"
1709474442929,"[0.05993232091410663, 0.07405088139069267, 0.0755018799746078, 0.0440205576444152]"
1709474443940,"[0.059951804287318444, 0.07397431515210705, 0.07682460081058635, 0.04349030714390218]"
1709474444954,"[0.060586845060793405, 0.0744443088041406, 0.07707949606914369, 0.044251086478830415]"
1709474445958,"[0.06208257239122976, 0.0745791298403245, 0.07746423165193585, 0.043865667268908254]"
1709474446973,"[0.060754480199227655, 0.07431905854778013, 0.07703452317007627, 0.04308183993358911]"
1709474447982,"[0.06205273695004603, 0.07425562771619636, 0.07787064798085745, 0.04390067874407784]"
1709474448995,"[0.062128668392010755, 0.07408452561160195, 0.07745265882123087, 0.04401709067825434]"
1709474450007,"[0.06188183016748806, 0.07368426192685182, 0.07590297377801643, 0.04432584598857217]"
1709474451023,"[0.061169588358806225, 0.07376136530103962, 0.07465388935006519, 0.044231358953072585]"
1709474452025,"[0.06083549001416041, 0.07423121246154553, 0.07612442013770176, 0.04387831437081713]"
1709474453040,"[0.06280799843742328, 0.07503432784803948, 0.0769534156941254, 0.04490170418477339]"
1709474454051,"[0.062003125152595075, 0.07381288148835397, 0.0781602129010205, 0.04457961814541607]"
1709474455061,"[0.06161619219688441, 0.07464680892621703, 0.07616407051125496, 0.0443149567849976]"
1709474456074,"[0.06251682211045471, 0.07502363396650213, 0.08041618243078177, 0.04511719322232394]"
1709474457081,"[0.061453147126323875, 0.07521846769861762, 0.07820572293569, 0.044071048391033485]"
1709474458092,"[0.06086771815030005, 0.0734087113628594, 0.07655652131451722, 0.044134576883635736]"
1709474459102,"[0.06103637872942951, 0.07396254699936505, 0.07629659651350128, 0.04332389276820008]"
1709474460115,"[0.06000351579666902, 0.07307300161140642, 0.07512300405293212, 0.04366512036720384]"
1709474461131,"[0.06114141315493926, 0.07430709507300136, 0.07846887055032038, 0.04338107329459304]"
1709474462145,"[0.06039860344743376, 0.07255544704331217, 0.07680331070853082, 0.043618877874894685]"
1709474463158,"[0.0616315249768049, 0.07414995849406651, 0.0786360662141705, 0.044419942379997676]"
1709474464165,"[0.05966228819766515, 0.0731588944772694, 0.07595190194833679, 0.04286893891303155]"
1709474465178,"[0.060506421211973034, 0.0742156843595875, 0.07798608330484806, 0.04382440548854814]"
1709474466182,"[0.06094574930416464, 0.07436593583671061, 0.0759337369988768, 0.04454895258557423]"
1709474467194,"[0.06173465501245126, 0.07394242882953277, 0.07614116900239229, 0.04350407734752534]"
1709474468202,"[0.059966599931636964, 0.07244289271937084, 0.07627281605547101, 0.04452736950046248]"
1709474469211,"[0.062058401289125216, 0.07486102837052513, 0.07609028761169909, 0.0435311782801882]"
1709474470213,"[0.06135924605693603, 0.07338971629474074, 0.07730094242882922, 0.043579227501341584]"
1709474471218,"[0.06073221348698645, 0.07393774110063939, 0.07726358708921269, 0.043670540553736266]"
1709474472227,"[0.06109678206943649, 0.0729193808291422, 0.07617828018946243, 0.04435426534498628]"
1709474473243,"[0.060688754333707226, 0.0736636066214166, 0.07734996826016836, 0.043163826358707295]"
1709474474248,"[0.06117647346061781, 0.0739961423897649, 0.07856936373846383, 0.043382245226816184]"
1709474475257,"[0.05951179256799549, 0.07290854045607702, 0.07654514380585052, 0.04348205478782981]"
1709474476269,"[0.060447775770300624, 0.07355412861956118, 0.07699404267786514, 0.04371199765613416]"
1709474477283,"[0.06021744225792232, 0.07448112700815436, 0.07576463694516336, 0.04392279896479178]"
1709474478297,"[0.0595485619415006, 0.07352443966990532, 0.07633639337858282, 0.044298793886418594]"
1709474479306,"[0.06059861321353522, 0.07285170174324873, 0.07708569754382485, 0.04358044826407408]"
1709474480312,"[0.06019649396943155, 0.07402548952585515, 0.0766459299770493, 0.043656233214510856]"
1709474481316,"[0.06028639093705722, 0.07258508716245862, 0.07642677865130108, 0.04394086625323353]"
1709474482320,"[0.059934225303969475, 0.0730573270179208, 0.0766408027735725, 0.04427476927584194]"
1709474483327,"[0.06180467796279048, 0.07444201377020382, 0.07739708970164526, 0.044164217002782086]"
1709474484339,"[0.059112847306997375, 0.07328985790321776, 0.07533199863274519, 0.04348474046584166]"
1709474485344,"[0.05939796865081314, 0.0732308218174713, 0.07581429757312312, 0.04277679574197817]"
1709474486348,"[0.06097895405049041, 0.07303379071243685, 0.07600864300014659, 0.044228868597098125]"
1709474487354,"[0.06108335367937843, 0.07304995361101572, 0.07606557937399296, 0.04446555007568571]"
1709474488360,"[0.06146213194003571, 0.07340651398994126, 0.07582626104790274, 0.04406157527222859]"
1709474489377,"[0.060133307290394615, 0.07329430147956383, 0.07382792128521881, 0.043316275208749117]"
1709474490385,"[0.061264368377361586, 0.07311338444259986, 0.07496293764344027, 0.0435091557204929]"
1709474491398,"[0.060780262708139736, 0.07312202744274574, 0.07665340104497306, 0.04446110649933949]"
1709474492412,"[0.061646760095707714, 0.07413560232433161, 0.07757527223008916, 0.04488851994726153]"
1709474493423,"[0.06071077689340248, 0.07424884027540408, 0.07672845353777011, 0.04343117339713735]"
1709474494430,"[0.06045949509253321, 0.07307148786561768, 0.07812324820547854, 0.043074857170758804]"
1709474495435,"[0.059831876556472166, 0.07228751403877093, 0.07514014356169697, 0.04388309976072875]"
1709474496453,"[0.061133844425996856, 0.0736255676546696, 0.07562825333268233, 0.04373275062258757]"
1709474497468,"[0.061452268177156585, 0.07331075736119887, 0.07727931051320845, 0.0437652717417828]"
1709474498481,"[0.061099760730504396, 0.07463714048537551, 0.077050783729674, 0.04368865667268775]"
1709474499491,"[0.06256033009424242, 0.07450358904243366, 0.0771716392401976, 0.04461863372234834]"
1709474500500,"[0.06139044875237955, 0.07439723619317291, 0.07745622344841019, 0.04410273939157053]"
1709474501513,"[0.061978856389471336, 0.0737196640460952, 0.07619957029151744, 0.04426842130963293]"
1709474502524,"[0.06238961863372181, 0.07465930953659823, 0.07763714048537494, 0.04416524244347739]"
1709474503538,"[0.06248474046584236, 0.0741574295619899, 0.07673021143610519, 0.043697104350796996]"
1709474504548,"[0.061558474534888975, 0.07454909907710307, 0.07646843107573557, 0.04400971727134969]"
1709474505562,"[0.06118794863030402, 0.0740231944919189, 0.07637111187069676, 0.043784169148882744]"
1709474506578,"[0.06132272083597775, 0.07332511353093416, 0.07932423458176656, 0.04331617754773036]"
1709474507596,"[0.06416250793495751, 0.07446403632989829, 0.07792387323599778, 0.04451921480540917]"
1709474508612,"[0.06075096440255821, 0.07368641046926057, 0.077032618780214, 0.04421099663069319]"
1709474509618,"[0.06164304897700018, 0.07259441378973558, 0.07642570438009649, 0.044189364715072524]"
1709474510634,"[0.0609110308120511, 0.0735547634161822, 0.07708784608623412, 0.04440319351530732]"
1709474511640,"[0.06163699399384719, 0.07298969676253685, 0.07663513843449377, 0.04363152497680416]"
1709474512651,"[0.06112427364617382, 0.07398574149128383, 0.0777801650471215, 0.043752722300892166]"
1709474513657,"[0.059525904585184454, 0.07318091703696436, 0.07712246691732995, 0.043032618780212493]"
1709474514667,"[0.06153181307681014, 0.07351516187313821, 0.07627535524195472, 0.043682845842080605]"
1709474515679,"[0.06203916206846001, 0.07362000097660971, 0.07782342887836338, 0.04407246447580322]"
1709474516695,"[0.06009375457785976, 0.07307109722154329, 0.07626173152985923, 0.043243664241416534]"
1709474517697,"[0.06156760584012854, 0.07310503442550874, 0.07675994921626987, 0.044151814053419294]"
1709474518712,"[0.06280418965769771, 0.0741795497827032, 0.07914243859563465, 0.04483314614971305]"
1709474519724,"[0.0626553542653446, 0.07391112847306937, 0.07642834122759874, 0.04419405244396564]"
1709474520738,"[0.06299672835587611, 0.07450783729674247, 0.07672415645295161, 0.04501723716978227]"
1709474521769,"[0.06149079544899609, 0.07350305190683115, 0.07686659504858576, 0.043878753845401325]"
1709474522784,"[0.06204785389911552, 0.07339806631183136, 0.07716138483324349, 0.04430147956443072]"
1709474523796,"[0.06170252453733046, 0.0740298354411833, 0.07707080423848803, 0.04407456418770366]"
1709474524813,"[0.0612918111235899, 0.07210586454416605, 0.07698222569461378, 0.043572049416473954]"
1709474525828,"[0.06270271985936776, 0.07460955124761905, 0.077440695346452, 0.04479344694565037]"
1709474526835,"[0.06087172225206258, 0.0732001562576297, 0.07651340397480312, 0.04411763269690794]"
1709474527837,"[0.06463557790907694, 0.07400732457639565, 0.07767137067239555, 0.04479432589481777]"
1709474528844,"[0.0662122662239364, 0.0748220127935937, 0.07753137360222628, 0.04472557253771999]"
1709474529858,"[0.06647858782167063, 0.07388563894721412, 0.07607720103520643, 0.04412212510376347]"
1709474530871,"[0.06558025294203787, 0.07285770789589285, 0.07613325845988567, 0.044805312759411006]"
1709474531880,"[0.06541701254944064, 0.0743398603447428, 0.0757859758777278, 0.04449636212705537]"
1709474532884,"[0.06626558914009457, 0.07299106401679721, 0.077155476341618, 0.04446012988915337]"
1709474533886,"[0.06762424923091898, 0.07557585819620077, 0.07959841789149844, 0.04592040626983614]"
1709474534898,"[0.06646887055031993, 0.07446828458420808, 0.07767273792665613, 0.04556286928072538]"
1709474535903,"[0.06513760437521329, 0.07387885150642101, 0.07836857268421263, 0.0443672542604608]"
1709474536904,"[0.06573558279212793, 0.07396347477904115, 0.07677909077591628, 0.044458420821327664]"
1709474537910,"[0.06610923384930824, 0.07416265442648523, 0.07707256213682288, 0.04446091117730231]"
1709474538925,"[0.06715567166365476, 0.07367449582499086, 0.07767859758777272, 0.044635382587038946]"
1709474539926,"[0.0663303383954295, 0.07355241955173543, 0.07565550075687265, 0.04403974803457062]"
1709474540938,"[0.0681329654768298, 0.0740114751696854, 0.07549665511011347, 0.0445631622637811]"
1709474541942,"[0.06658435470481908, 0.0730103032374623, 0.07675863079251888, 0.04456672689096032]"
1709474542946,"[0.06720118169832472, 0.0740705600859412, 0.07789638165926108, 0.04452561160212776]"
1709474543957,"[0.06826768885199432, 0.07383744323453234, 0.0766605302993305, 0.04442746227843026]"
1709474544961,"[0.06850422383905429, 0.07511909761218763, 0.07700009766101866, 0.0445271253479162]"
1709474545972,"[0.06884286342106516, 0.07452990868694716, 0.07855466575516318, 0.0456824551980066]"
1709474546977,"[0.06740421895600342, 0.0747923726744468, 0.0770850139166947, 0.044808730895061724]"
1709474547979,"[0.06704062698373917, 0.07353708677181466, 0.07674295619903253, 0.045429610820839725]"
1709474548982,"[0.06806616534010411, 0.0739100542018655, 0.07706396796718604, 0.044152400019531114]"
1709474549985,"[0.06880394550515119, 0.07425958298745008, 0.07960188485765823, 0.04431017139508636]"
1709474550987,"[0.06929478978465733, 0.07326485668245468, 0.07652717417842651, 0.04467810928267867]"
1709474551994,"[0.06745876263489449, 0.07268914497778187, 0.07583627130230934, 0.04358401289125284]"
1709474553009,"[0.07013501635822028, 0.0738654231163633, 0.07700771522046872, 0.04488056057424515]"
1709474554022,"[0.06724884027540431, 0.07315025147712237, 0.07408769959470629, 0.04446970066897647]"
1709474555024,"[0.06928619561501966, 0.07451770105962192, 0.0763196445138917, 0.04432994775135354]"
1709474556033,"[0.06977787001318334, 0.07378231358953094, 0.07691625567654635, 0.044804775623808676]"
1709474557050,"[0.06872147077493976, 0.07408940866253197, 0.07654226280580073, 0.04440607451535563]"
1709474558057,"[0.06866565750280759, 0.07371331607988589, 0.07664300014649106, 0.04478040919966634]"
1709474559070,"[0.0698163972850235, 0.0747516968601975, 0.07578197177596467, 0.04449323697446044]"
1709474560085,"[0.06780399433566087, 0.07346979832999602, 0.07716665852824693, 0.044139899409149405]"
1709474561096,"[0.06924049025831315, 0.07408140045900685, 0.07658357341667013, 0.0442391230040512]"
1709474562102,"[0.06867493529957475, 0.07455119878900257, 0.0777074564187705, 0.04516768396894234]"
1709474563115,"[0.06817608281654317, 0.07313760437521341, 0.07644362517701028, 0.04416265442648468]"
1709474564119,"[0.06806738610283662, 0.07261628985790293, 0.07637111187069669, 0.04472620733434129]"
1709474565143,"[0.0694182333121734, 0.07462835099370123, 0.07632540651398974, 0.04479466770838279]"
1709474566152,"[0.06905146735680413, 0.07377913960642589, 0.07840050783729674, 0.04393969432101054]"
1709474567166,"[0.07040182626104763, 0.07437160017578896, 0.07728473069974064, 0.044330436056446654]"
1709474568170,"[0.06928775819131787, 0.07397197128766012, 0.07525372332633351, 0.04411582596806348]"
1709474569180,"[0.06865408467210342, 0.0736991552321883, 0.07929752429317889, 0.04424327359734232]"
1709474570193,"[0.07003457200058573, 0.07329469212363873, 0.07675365008057032, 0.0441091361882891]"
1709474571199,"[0.06995234142292021, 0.07531876556472519, 0.07947985741491247, 0.04439015576932339]"
1709474572205,"[0.06878700131842387, 0.07418575125738498, 0.07667874407930099, 0.04425831339420761]"
1709474573211,"[0.06929015088627401, 0.07399023389813898, 0.07587748425216063, 0.04466043263831122]"
1709474574227,"[0.07017188339274331, 0.07377889545387928, 0.07567522828263124, 0.04398373944040137]"
1709474575238,"[0.07107285511987829, 0.07528341227599016, 0.07610547390009224, 0.04573426436837624]"
1709474576242,"[0.07035939254846423, 0.07361038136627664, 0.07669686019825173, 0.044050783729672915]"
1709474577259,"[0.07153068997509589, 0.0743297524293174, 0.07696381659260688, 0.04447736705893723]"
1709474578272,"[0.07035333756531033, 0.07325157478392541, 0.07581507886127217, 0.04436881683675833]"
1709474579285,"[0.07168601982518688, 0.07437555544704343, 0.0782976707847066, 0.04528770936080749]"
1709474580298,"[0.0694957761609451, 0.07326920259778269, 0.07678329019971618, 0.0442564090043447]"
1709474581311,"[0.07038820254895232, 0.07362854631573806, 0.07542130963425954, 0.04443097807509978]"
1709474582314,"[0.07124454319058537, 0.07439943356609187, 0.07648625421163158, 0.045194687240586943]"
1709474583317,"[0.07175076908052136, 0.07381068411543489, 0.07752995751745696, 0.04553991894135343]"
1709474584329,"[0.07019712876605298, 0.07378607353874717, 0.07617388544362473, 0.04435582792128396]"
1709474585344,"[0.07143317544801975, 0.07424508032618785, 0.07750192880511707, 0.04536764490453514]"
1709474586356,"[0.07089066848967168, 0.0736325015869913, 0.07516245910444791, 0.04499794911860802]"
1709474587368,"[0.0701828214268274, 0.07354524146686761, 0.0758427169295376, 0.04398813418623782]"
1709474588371,"[0.07028546315738082, 0.07408818789979946, 0.07721402412227185, 0.044198691342349064]"
1709474589389,"[0.07150046388983786, 0.07439083939645472, 0.07607964256067193, 0.04528477953024938]"
1709474590400,"[0.07205346940768569, 0.07477660041994247, 0.07684300991259327, 0.04518965769812847]"
1709474591415,"[0.07061565506128233, 0.07317393427413482, 0.07662825333268217, 0.044907417354361816]"
1709474592424,"[0.07163987499389585, 0.0745274183309727, 0.07606328434005585, 0.04406758142487335]"
1709474593430,"[0.07123648615655072, 0.07488876409980941, 0.07863616387518879, 0.04443903510913475]"
1709474594431,"[0.07097299672835596, 0.07526783534352235, 0.07741720787147825, 0.044537086771813755]"
1709474595433,"[0.0711750573758485, 0.07436647297231277, 0.07742038185458193, 0.04471707602910165]"
1709474596439,"[0.07121700278333853, 0.07402265735631619, 0.07847966209287524, 0.04495966599931481]"
1709474597440,"[0.07300073245763927, 0.07418804629132264, 0.07472816055471466, 0.044500024415253504]"
1709474598441,"[0.07208608818789905, 0.07393276038869075, 0.07608359783192503, 0.04381595781043835]"
1709474599444,"[0.07154924556863157, 0.07463621270569837, 0.07673035792763346, 0.044629962400506214]"
1709474600448,"[0.07147253283851739, 0.07399111284730696, 0.07588891059133789, 0.044540797890520456]"
1709474601449,"[0.07318809512183164, 0.0746679525367449, 0.07819004834220425, 0.0441910249523893]"
1709474602451,"[0.07248019922847737, 0.07422227647834392, 0.07574354216514456, 0.043244787343130565]"
1709474603468,"[0.07283046047170218, 0.07555110112798409, 0.07697768445724876, 0.044925240490257]"
1709474604480,"[0.07380155281019515, 0.07531178280189463, 0.07890536647297199, 0.04501884857658931]"
1709474605506,"[0.0742282338004783, 0.07438688412520093, 0.07743693539723562, 0.0443237951071815]"
1709474606507,"[0.07492021094780038, 0.0750516626788414, 0.07644435763464986, 0.04555940231456472]"
1709474607520,"[0.07381356511548433, 0.07471336491039574, 0.07564007031593331, 0.04442526490551159]"
1709474608535,"[0.07385067630255351, 0.07447375360124975, 0.07631974217491073, 0.04528468186923037]"
1709474609547,"[0.0745259534156943, 0.07336281068411503, 0.07800302749157652, 0.04475115972459429]"
1709474610563,"[0.07519683578299627, 0.07531793544606623, 0.07645695590604978, 0.04538278236241886]"
1709474611566,"[0.07510313003564607, 0.07403764832267193, 0.07639591776942208, 0.04543019678695113]"
1709474612580,"[0.07354704819571266, 0.07474652082621197, 0.07608076566238525, 0.04510176278138453]"
1709474613592,"[0.07410493676449016, 0.07477816299624002, 0.077156306460276, 0.04573387372430174]"
1709474614607,"[0.0741455149177207, 0.07533820010742667, 0.07813692074808332, 0.04552854143268609]"
1709474615611,"[0.07373592460569323, 0.07524434786854751, 0.07712886371404808, 0.04518990185067517]"
1709474616614,"[0.07225494408906616, 0.07405517847551125, 0.07451960544948484, 0.044298793886418684]"
1709474617627,"[0.07660554714585646, 0.07437072122662165, 0.07785961228575615, 0.046065139899407956]"
1709474618632,"[0.07393022120220698, 0.07465774696030023, 0.07683339030226059, 0.04492831681234286]"
1709474619646,"[0.07421690512232038, 0.07396552566043203, 0.07785433859075197, 0.04511138239171712]"
1709474620662,"[0.07531979100542013, 0.07510024903559741, 0.07820542995263434, 0.04494672591435008]"
1709474621666,"[0.07501660237316207, 0.07532770154792666, 0.0759948239660141, 0.04482235460715735]"
1709474622676,"[0.07483939645490495, 0.07414224327359643, 0.07532652961570345, 0.04511411690023786]"
1709474623685,"[0.07483509937008621, 0.07406733727232796, 0.07623790224131997, 0.044606230772985624]"
1709474624692,"[0.07458801699301726, 0.07576986180965829, 0.07736534987059855, 0.04565066653645079]"
1709474625694,"[0.07450393085599823, 0.07336193173494797, 0.07793525074466509, 0.04511660725621242]"
1709474626706,"[0.07259382782362338, 0.07480902387811866, 0.07648874456760606, 0.044826651691976]"
1709474627720,"[0.07593862004980671, 0.07428731871673391, 0.07629972166609696, 0.04537501831143961]"
1709474628724,"[0.07557146345036334, 0.07372474241906317, 0.08004238488207426, 0.045379120074221214]"
1709474629735,"[0.07305000244152576, 0.0733317544801987, 0.07654802480589844, 0.04476287904682689]"
1709474630743,"[0.0748995068118559, 0.07467498413008367, 0.07665740514673516, 0.04539127887103733]"
1709474631748,"[0.0740706089164505, 0.07327286488597978, 0.07699653303383963, 0.045537184432832306]"
1709474632759,"[0.07597011572830689, 0.07403789247521779, 0.07535739049758276, 0.04471443918159944]"
1709474633772,"[0.07580013672542557, 0.07340373065090987, 0.07674129596171589, 0.044974656965670816]"
1709474634784,"[0.07345138922798966, 0.07484706284486506, 0.07535343522632926, 0.04531300356462591]"
1709474635791,"[0.07585555935348344, 0.07452102153425383, 0.07773289711411667, 0.04505429952634272]"
1709474636805,"[0.07657107280628926, 0.07427940817422737, 0.0757429561990334, 0.04479613262366221]"
1709474637820,"[0.0768506763025537, 0.07337077005713173, 0.07588373455735131, 0.04519063430831466]"
1709474638833,"[0.07641676839689428, 0.07502309683089989, 0.07566131158747887, 0.04535162849748389]"
1709474639841,"[0.07578436447092114, 0.07386874359099563, 0.07549982909321733, 0.04498183505053848]"
1709474640845,"[0.07568851018116127, 0.07475662874163719, 0.07639860344743353, 0.04477313345378056]"
1709474641858,"[0.07529879388641997, 0.07469148884222818, 0.07637413936227304, 0.04514229210410548]"
1709474642874,"[0.07630650910689044, 0.0744338102446408, 0.07758645441671994, 0.045063479662091684]"
1709474643881,"[0.07893774110063942, 0.07451281800869197, 0.07852961570389211, 0.0451971287660517]"
1709474644890,"[0.08147263049953599, 0.0736635089603985, 0.07627242541139675, 0.04596723472825662]"
1709474645906,"[0.08038917915913862, 0.07407002295033893, 0.07810542506958311, 0.04552297475462555]"
1709474646919,"[0.08096117974510449, 0.07537306509106889, 0.07663997265491397, 0.046269056106253814]"
